{
    "lon_step": 1.0, 
    "min": 2.12, 
    "max": 3.4, 
    "lat_start": 49.0, 
    "lat_step": -1.0, 
    "grid": [
        [
            3.3248605868240997, 
            3.3248605868240997, 
            3.2495654591586476, 
            3.2495654591586476, 
            3.2495654591586476, 
            3.2495654591586476, 
            3.2495654591586476, 
            3.3248605868240997, 
            3.3248605868240997, 
            3.3248605868240997, 
            3.4001557144895536, 
            3.4001557144895536
        ], 
        [
            3.2495654591586476, 
            3.2495654591586476, 
            3.1742703314931937, 
            3.1742703314931937, 
            3.1742703314931937, 
            3.1742703314931937, 
            3.1742703314931937, 
            3.1742703314931937, 
            3.2495654591586476, 
            3.2495654591586476, 
            3.3248605868240997, 
            3.3248605868240997
        ], 
        [
            3.1742703314931937, 
            3.09897520382774, 
            3.09897520382774, 
            3.0236800761622877, 
            3.0236800761622877, 
            3.0236800761622877, 
            3.09897520382774, 
            3.09897520382774, 
            3.1742703314931937, 
            3.1742703314931937, 
            3.2495654591586476, 
            3.3248605868240997
        ], 
        [
            3.09897520382774, 
            3.0236800761622877, 
            2.948384948496834, 
            2.87308982083138, 
            2.87308982083138, 
            2.87308982083138, 
            2.948384948496834, 
            2.948384948496834, 
            3.0236800761622877, 
            3.09897520382774, 
            3.1742703314931937, 
            3.2495654591586476
        ], 
        [
            3.0236800761622877, 
            2.948384948496834, 
            2.797794693165928, 
            2.722499565500474, 
            2.64720443783502, 
            2.64720443783502, 
            2.722499565500474, 
            2.87308982083138, 
            2.948384948496834, 
            3.0236800761622877, 
            3.1742703314931937, 
            3.2495654591586476
        ], 
        [
            2.948384948496834, 
            2.87308982083138, 
            2.722499565500474, 
            2.496614182504114, 
            2.1954336718423004, 
            2.2707287995077543, 
            2.571909310169568, 
            2.797794693165928, 
            2.87308982083138, 
            3.0236800761622877, 
            3.09897520382774, 
            3.1742703314931937
        ], 
        [
            2.948384948496834, 
            2.87308982083138, 
            2.722499565500474, 
            2.496614182504114, 
            2.1201385441768466, 
            2.2707287995077543, 
            2.571909310169568, 
            2.797794693165928, 
            2.87308982083138, 
            3.0236800761622877, 
            3.09897520382774, 
            3.1742703314931937
        ], 
        [
            3.0236800761622877, 
            2.948384948496834, 
            2.797794693165928, 
            2.722499565500474, 
            2.64720443783502, 
            2.64720443783502, 
            2.722499565500474, 
            2.87308982083138, 
            2.948384948496834, 
            3.09897520382774, 
            3.1742703314931937, 
            3.2495654591586476
        ]
    ], 
    "lon_start": -126.0
}