{
    "lat_step": -0.5,
    "max": 3.85,
    "grid": [
        [
            3.0236800761622877,
            2.87308982083138,
            2.797794693165928,
            2.722499565500474,
            2.64720443783502,
            2.571909310169568,
            2.571909310169568,
            2.571909310169568,
            2.722499565500474,
            2.87308982083138,
            2.948384948496834,
            3.0236800761622877,
            3.09897520382774,
            3.1742703314931937,
            3.2495654591586476,
            3.3248605868240997,
            3.3248605868240997
        ],
        [
            3.0236800761622877,
            2.87308982083138,
            2.797794693165928,
            2.722499565500474,
            2.64720443783502,
            2.571909310169568,
            2.496614182504114,
            2.571909310169568,
            2.722499565500474,
            2.87308982083138,
            2.948384948496834,
            3.0236800761622877,
            3.09897520382774,
            3.1742703314931937,
            3.2495654591586476,
            3.3248605868240997,
            3.4001557144895536
        ],
        [
            3.0236800761622877,
            2.948384948496834,
            2.797794693165928,
            2.64720443783502,
            2.64720443783502,
            2.64720443783502,
            2.496614182504114,
            2.571909310169568,
            2.722499565500474,
            2.87308982083138,
            2.948384948496834,
            3.09897520382774,
            3.1742703314931937,
            3.2495654591586476,
            3.2495654591586476,
            3.3248605868240997,
            3.4001557144895536
        ],
        [
            3.09897520382774,
            3.0236800761622877,
            2.948384948496834,
            2.948384948496834,
            2.948384948496834,
            2.87308982083138,
            2.797794693165928,
            2.722499565500474,
            2.87308982083138,
            2.948384948496834,
            3.0236800761622877,
            3.09897520382774,
            3.1742703314931937,
            3.2495654591586476,
            3.3248605868240997,
            3.3248605868240997,
            3.4001557144895536
        ],
        [
            3.2495654591586476,
            3.1742703314931937,
            3.09897520382774,
            3.09897520382774,
            3.0236800761622877,
            2.948384948496834,
            2.797794693165928,
            2.87308982083138,
            3.0236800761622877,
            3.09897520382774,
            3.09897520382774,
            3.1742703314931937,
            3.2495654591586476,
            3.3248605868240997,
            3.3248605868240997,
            3.4001557144895536,
            3.4001557144895536
        ],
        [
            3.3248605868240997,
            3.2495654591586476,
            3.2495654591586476,
            3.1742703314931937,
            3.1742703314931937,
            3.09897520382774,
            3.09897520382774,
            3.09897520382774,
            3.1742703314931937,
            3.1742703314931937,
            3.2495654591586476,
            3.2495654591586476,
            3.3248605868240997,
            3.3248605868240997,
            3.4001557144895536,
            3.4001557144895536,
            3.4754508421550074
        ],
        [
            3.3248605868240997,
            3.3248605868240997,
            3.3248605868240997,
            3.2495654591586476,
            3.2495654591586476,
            3.2495654591586476,
            3.2495654591586476,
            3.2495654591586476,
            3.2495654591586476,
            3.2495654591586476,
            3.3248605868240997,
            3.3248605868240997,
            3.3248605868240997,
            3.4001557144895536,
            3.4001557144895536,
            3.4754508421550074,
            3.4754508421550074
        ],
        [
            3.4001557144895536,
            3.4001557144895536,
            3.4001557144895536,
            3.3248605868240997,
            3.3248605868240997,
            3.3248605868240997,
            3.3248605868240997,
            3.3248605868240997,
            3.3248605868240997,
            3.3248605868240997,
            3.3248605868240997,
            3.4001557144895536,
            3.4001557144895536,
            3.4001557144895536,
            3.4754508421550074,
            3.4754508421550074,
            3.5507459698204595
        ],
        [
            3.4754508421550074,
            3.4754508421550074,
            3.4001557144895536,
            3.4001557144895536,
            3.4001557144895536,
            3.4001557144895536,
            3.4001557144895536,
            3.4001557144895536,
            3.4001557144895536,
            3.4001557144895536,
            3.4001557144895536,
            3.4754508421550074,
            3.4754508421550074,
            3.4754508421550074,
            3.4754508421550074,
            3.5507459698204595,
            3.5507459698204595
        ],
        [
            3.5507459698204595,
            3.4754508421550074,
            3.4754508421550074,
            3.4754508421550074,
            3.4754508421550074,
            3.4754508421550074,
            3.4754508421550074,
            3.4754508421550074,
            3.4754508421550074,
            3.4754508421550074,
            3.4754508421550074,
            3.4754508421550074,
            3.4754508421550074,
            3.5507459698204595,
            3.5507459698204595,
            3.5507459698204595,
            3.6260410974859134
        ],
        [
            3.5507459698204595,
            3.5507459698204595,
            3.5507459698204595,
            3.5507459698204595,
            3.5507459698204595,
            3.4754508421550074,
            3.4754508421550074,
            3.4754508421550074,
            3.4754508421550074,
            3.5507459698204595,
            3.5507459698204595,
            3.5507459698204595,
            3.5507459698204595,
            3.5507459698204595,
            3.6260410974859134,
            3.6260410974859134,
            3.6260410974859134
        ],
        [
            3.6260410974859134,
            3.6260410974859134,
            3.5507459698204595,
            3.5507459698204595,
            3.5507459698204595,
            3.5507459698204595,
            3.5507459698204595,
            3.5507459698204595,
            3.5507459698204595,
            3.5507459698204595,
            3.5507459698204595,
            3.6260410974859134,
            3.6260410974859134,
            3.6260410974859134,
            3.6260410974859134,
            3.6260410974859134,
            3.7013362251513673
        ],
        [
            3.6260410974859134,
            3.6260410974859134,
            3.6260410974859134,
            3.6260410974859134,
            3.6260410974859134,
            3.6260410974859134,
            3.6260410974859134,
            3.6260410974859134,
            3.6260410974859134,
            3.6260410974859134,
            3.6260410974859134,
            3.6260410974859134,
            3.6260410974859134,
            3.6260410974859134,
            3.7013362251513673,
            3.7013362251513673,
            3.7013362251513673
        ],
        [
            3.7013362251513673,
            3.7013362251513673,
            3.7013362251513673,
            3.6260410974859134,
            3.6260410974859134,
            3.6260410974859134,
            3.6260410974859134,
            3.6260410974859134,
            3.6260410974859134,
            3.6260410974859134,
            3.7013362251513673,
            3.7013362251513673,
            3.7013362251513673,
            3.7013362251513673,
            3.7013362251513673,
            3.7013362251513673,
            3.7013362251513673
        ],
        [
            3.7013362251513673,
            3.7013362251513673,
            3.7013362251513673,
